case_id,version,score,run1,run2,diff,abs_diff
AirTravel,V0,class_score,0.786472,0.841815,0.055343,0.055343
AirTravel,V0,attribute_score,0.783064,0.826847,0.043783,0.043783
AirTravel,V0,association_score,0.794423,0.876739,0.082315,0.082315
AlphaInsurance,V0,class_score,0.464004,0.506412,0.042408,0.042408
AlphaInsurance,V0,attribute_score,0.466743,0.499388,0.032644,0.032644
AlphaInsurance,V0,association_score,0.457613,0.522803,0.06519,0.06519
BankAccount,V0,class_score,0.982183,0.982183,0.0,0.0
BankAccount,V0,attribute_score,0.99427,0.99427,0.0,0.0
BankAccount,V0,association_score,0.953979,0.953979,0.0,0.0
Boeing,V0,class_score,0.629159,0.733675,0.104516,0.104516
Boeing,V0,attribute_score,0.613781,0.739685,0.125904,0.125904
Boeing,V0,association_score,0.665039,0.71965,0.054611,0.054611
BuildingManagement,V0,class_score,0.84461,0.593151,-0.251458,0.251458
BuildingManagement,V0,attribute_score,0.876261,0.607042,-0.269219,0.269219
BuildingManagement,V0,association_score,0.770757,0.56074,-0.210017,0.210017
BusTransportationManagementSystem,V0,class_score,0.946761,0.936751,-0.01001,0.01001
BusTransportationManagementSystem,V0,attribute_score,0.958407,0.944107,-0.0143,0.0143
BusTransportationManagementSystem,V0,association_score,0.919586,0.919586,0.0,0.0
CardGameApp,V0,class_score,0.867293,0.867293,0.0,0.0
CardGameApp,V0,attribute_score,0.910846,0.910846,0.0,0.0
CardGameApp,V0,association_score,0.76567,0.76567,0.0,0.0
CelO,V0,class_score,0.797694,0.850915,0.053221,0.053221
CelO,V0,attribute_score,0.797601,0.864288,0.066688,0.066688
CelO,V0,association_score,0.797911,0.81971,0.0218,0.0218
ClothingCompany,V0,class_score,0.852635,0.868206,0.015571,0.015571
ClothingCompany,V0,attribute_score,0.890269,0.900473,0.010204,0.010204
ClothingCompany,V0,association_score,0.764823,0.792918,0.028094,0.028094
DestroyBlockGame,V0,class_score,0.820296,0.795368,-0.024928,0.024928
DestroyBlockGame,V0,attribute_score,0.851782,0.833356,-0.018426,0.018426
DestroyBlockGame,V0,association_score,0.746831,0.70673,-0.0401,0.0401
EUScienceConnect,V0,class_score,0.859103,0.859103,0.0,0.0
EUScienceConnect,V0,attribute_score,0.878108,0.878108,0.0,0.0
EUScienceConnect,V0,association_score,0.81476,0.81476,0.0,0.0
Ebike,V0,class_score,0.80012,0.800775,0.000656,0.000656
Ebike,V0,attribute_score,0.832484,0.832484,0.0,0.0
Ebike,V0,association_score,0.724602,0.726787,0.002185,0.002185
Facepage,V0,class_score,0.841433,0.86356,0.022126,0.022126
Facepage,V0,attribute_score,0.8585,0.88632,0.02782,0.02782
Facepage,V0,association_score,0.801612,0.810453,0.008841,0.008841
FilmSet,V0,class_score,0.849908,0.851573,0.001666,0.001666
FilmSet,V0,attribute_score,0.870754,0.870754,0.0,0.0
FilmSet,V0,association_score,0.801267,0.806819,0.005552,0.005552
FitnessCompanyConan,V0,class_score,0.878009,0.878009,0.0,0.0
FitnessCompanyConan,V0,attribute_score,0.865586,0.865586,0.0,0.0
FitnessCompanyConan,V0,association_score,0.906994,0.906994,0.0,0.0
GameArea,V0,class_score,0.952145,0.935002,-0.017143,0.017143
GameArea,V0,attribute_score,0.963657,0.963657,0.0,0.0
GameArea,V0,association_score,0.925282,0.868139,-0.057143,0.057143
GasStation_KUL,V0,class_score,0.418349,0.458635,0.040286,0.040286
GasStation_KUL,V0,attribute_score,0.40064,0.425486,0.024847,0.024847
GasStation_KUL,V0,association_score,0.459669,0.53598,0.076312,0.076312
GasStation_TUW,V0,class_score,0.919841,0.910656,-0.009185,0.009185
GasStation_TUW,V0,attribute_score,0.928674,0.918928,-0.009746,0.009746
GasStation_TUW,V0,association_score,0.899231,0.891353,-0.007878,0.007878
HelpingHands,V0,class_score,0.529608,0.518824,-0.010784,0.010784
HelpingHands,V0,attribute_score,0.574848,0.575785,0.000937,0.000937
HelpingHands,V0,association_score,0.424048,0.385916,-0.038132,0.038132
HomeForTheElderly,V0,class_score,0.512068,0.49326,-0.018808,0.018808
HomeForTheElderly,V0,attribute_score,0.489484,0.482344,-0.00714,0.00714
HomeForTheElderly,V0,association_score,0.564765,0.518729,-0.046036,0.046036
HospitalHouseMD,V0,class_score,0.49328,0.540575,0.047294,0.047294
HospitalHouseMD,V0,attribute_score,0.506884,0.553257,0.046373,0.046373
HospitalHouseMD,V0,association_score,0.461538,0.510983,0.049444,0.049444
HotelBookingManagementSystem,V0,class_score,0.650582,0.705781,0.055199,0.055199
HotelBookingManagementSystem,V0,attribute_score,0.644541,0.710009,0.065469,0.065469
HotelBookingManagementSystem,V0,association_score,0.664678,0.695916,0.031238,0.031238
House,V0,class_score,0.896363,0.865007,-0.031356,0.031356
House,V0,attribute_score,0.894779,0.867961,-0.026818,0.026818
House,V0,association_score,0.900059,0.858116,-0.041943,0.041943
Kinepolis,V0,class_score,0.64931,0.638147,-0.011163,0.011163
Kinepolis,V0,attribute_score,0.602951,0.599912,-0.003039,0.003039
Kinepolis,V0,association_score,0.757482,0.727362,-0.03012,0.03012
LabTracker,V0,class_score,0.833373,0.82306,-0.010313,0.010313
LabTracker,V0,attribute_score,0.851312,0.819702,-0.03161,0.03161
LabTracker,V0,association_score,0.791516,0.830896,0.03938,0.03938
Louvre,V0,class_score,0.720302,0.666858,-0.053443,0.053443
Louvre,V0,attribute_score,0.771102,0.694515,-0.076588,0.076588
Louvre,V0,association_score,0.601766,0.602327,0.000561,0.000561
Menso,V0,class_score,0.632407,0.65142,0.019013,0.019013
Menso,V0,attribute_score,0.623608,0.627891,0.004283,0.004283
Menso,V0,association_score,0.652938,0.706322,0.053383,0.053383
Musicmatic,V0,class_score,0.808735,0.80601,-0.002725,0.002725
Musicmatic,V0,attribute_score,0.805766,0.805766,0.0,0.0
Musicmatic,V0,association_score,0.815663,0.806579,-0.009084,0.009084
OnlineTutoringSystem,V0,class_score,0.734787,0.671978,-0.062809,0.062809
OnlineTutoringSystem,V0,attribute_score,0.787305,0.699908,-0.087397,0.087397
OnlineTutoringSystem,V0,association_score,0.612246,0.606807,-0.00544,0.00544
PizzaDeliveryWithEntertainment,V0,class_score,0.891443,0.854393,-0.037049,0.037049
PizzaDeliveryWithEntertainment,V0,attribute_score,0.906798,0.852921,-0.053878,0.053878
PizzaDeliveryWithEntertainment,V0,association_score,0.855612,0.857829,0.002217,0.002217
ProjectManagement,V0,class_score,0.872797,0.929467,0.05667,0.05667
ProjectManagement,V0,attribute_score,0.872396,0.935505,0.063109,0.063109
ProjectManagement,V0,association_score,0.873734,0.915378,0.041644,0.041644
School,V0,class_score,0.89407,0.896326,0.002256,0.002256
School,V0,attribute_score,0.896627,0.896627,0.0,0.0
School,V0,association_score,0.888103,0.895625,0.007522,0.007522
SellingGoods,V0,class_score,0.664924,0.686204,0.021279,0.021279
SellingGoods,V0,attribute_score,0.605002,0.584125,-0.020877,0.020877
SellingGoods,V0,association_score,0.804743,0.924387,0.119644,0.119644
Sightseeing,V0,class_score,0.970813,0.970813,0.0,0.0
Sightseeing,V0,attribute_score,0.960777,0.960777,0.0,0.0
Sightseeing,V0,association_score,0.994231,0.994231,0.0,0.0
SmartHomeAutomationSystem,V0,class_score,0.808136,0.798773,-0.009363,0.009363
SmartHomeAutomationSystem,V0,attribute_score,0.838056,0.818631,-0.019425,0.019425
SmartHomeAutomationSystem,V0,association_score,0.738324,0.752439,0.014116,0.014116
Sober,V0,class_score,0.791767,0.751381,-0.040386,0.040386
Sober,V0,attribute_score,0.793276,0.775727,-0.017549,0.017549
Sober,V0,association_score,0.788246,0.694574,-0.093672,0.093672
StudentAppointment,V0,class_score,0.787552,0.787374,-0.000178,0.000178
StudentAppointment,V0,attribute_score,0.8,0.8,0.0,0.0
StudentAppointment,V0,association_score,0.758507,0.757915,-0.000592,0.000592
TeamSportsScoutingSystem,V0,class_score,0.686275,0.716332,0.030057,0.030057
TeamSportsScoutingSystem,V0,attribute_score,0.69046,0.723969,0.033509,0.033509
TeamSportsScoutingSystem,V0,association_score,0.676509,0.698512,0.022003,0.022003
TileOGame,V0,class_score,0.701009,0.72525,0.024241,0.024241
TileOGame,V0,attribute_score,0.773971,0.829151,0.05518,0.05518
TileOGame,V0,association_score,0.530763,0.482814,-0.047949,0.047949
TransportCompany,V0,class_score,0.742329,0.698441,-0.043889,0.043889
TransportCompany,V0,attribute_score,0.747936,0.7135,-0.034436,0.034436
TransportCompany,V0,association_score,0.729248,0.663302,-0.065946,0.065946
TreatmentPlans,V0,class_score,0.893425,0.887817,-0.005608,0.005608
TreatmentPlans,V0,attribute_score,0.902496,0.901975,-0.000521,0.000521
TreatmentPlans,V0,association_score,0.87226,0.854782,-0.017478,0.017478
TruckLogistics,V0,class_score,0.847363,0.823426,-0.023938,0.023938
TruckLogistics,V0,attribute_score,0.866546,0.816129,-0.050418,0.050418
TruckLogistics,V0,association_score,0.802602,0.840451,0.037849,0.037849
University,V0,class_score,0.855519,0.807614,-0.047904,0.047904
University,V0,attribute_score,0.867667,0.825496,-0.042171,0.042171
University,V0,association_score,0.827171,0.765891,-0.061281,0.061281
eHome2020,V0,class_score,0.814391,0.811461,-0.002931,0.002931
eHome2020,V0,attribute_score,0.79257,0.795728,0.003157,0.003157
eHome2020,V0,association_score,0.865308,0.848171,-0.017136,0.017136
