case,version,manipulation,target_type,target_element,original_text,modified_text
AirTravel,V1,implicit_information,association,"Airplane ""0..*""-""0..1"" Airport",Each aircraft can have a home airport.,An aircraft may return to its home airport.
AirTravel,V2,ambiguity,association,"FlightExecution ""0..*""-""0..2"" Pilot : Co-pilot",One pilot flies the aircraft as the captain and one or two other pilots act as co-pilots.,One pilot flies the aircraft as the captain and one or two other pilots act as its co-pilots.
AirTravel,V3,semantic_anomaly,association,"Airport ""0..1""--""0..*"" Flight : Destination",Each flight has a departure airport and a destination airport.,Each flight has a departure airport but no destination airport.
AlphaInsurance,V1,implicit_information,class,Broker,"The broker is registered in the system, so that when a customer calls, based on the contract, the help desk can immediately trace who is the customer's first account manager.","When a customer calls, the help desk can use the contract to immediately look up the broker serving as the customer's first account manager."
AlphaInsurance,V2,ambiguity,association,"(ClaimCase,Estimator) .. Report",The estimators’ reports must be stored in the database for at least one year after the payment of compensation for legal purposes.,Their reports must be stored in the database for at least one year after the payment of compensation for legal purposes.
AlphaInsurance,V3,semantic_anomaly,other,uncertain,"If the customer agrees to the offer, the contract is signed by both parties.","If the customer agrees to the offer, the contract is signed by neither party."
BankAccount,V1,implicit_information,attribute,Customer.firstName,The first name and last name of type String are stored for each customer.,"For each customer, the bank can retrieve the first name as a String, and stores the last name as a String."
BankAccount,V2,ambiguity,attribute,CheckingAccount.overdraftLimit,Current accounts also have an overdraft limit of type double.,They also have an overdraft limit of type double.
BankAccount,V3,semantic_anomaly,multiplicity,"Customer ""1"" --> ""1..5"" Account",A customer has at least one and at most five accounts.,A customer has at least five and at most one account.
Boeing,V1,implicit_information,association,"Contract ""0..*"" -- ""1"" Employee",Each contract is managed by a Boeing salesperson.,Clients can turn to their contract's Boeing salesperson.
Boeing,V2,ambiguity,attribute,Acquisition.NegotiatedPice,"Each acquisition of an airplane has further specific details, such as the chosen model of airplane, the negotiated price for that airplane, chosen options & customizations, delivery date, etc.","Each acquisition of an airplane has further specific details, such as the chosen model of airplane, its negotiated price, chosen options & customizations, delivery date, etc."
Boeing,V3,semantic_anomaly,other,uncertain,"As aircrafts are very expensive to build, they are only built ""on demand"", meaning that first a sales agreement is made with a customer, before the airplane is actually built.","As aircrafts are very expensive to build, they are only built ""on demand"", meaning that the airplane is actually built before a sales agreement is made with a customer."
BuildingManagement,V1,implicit_information,attribute,Image.fileName,Images are saved with a file name.,Images can be retrieved by their file names.
BuildingManagement,V2,ambiguity,association,"Building ""1"" --> ""*"" Comment","After logging in, users can create buildings, manage entries for their buildings and comment on other users' buildings.","After logging in, users can create buildings, manage entries for their buildings and comment on those of other users."
BuildingManagement,V3,semantic_anomaly,attribute,User.username,"During registration, the system checks the user name for uniqueness and the correct email address by sending a confirmation link.","During registration, the system checks that the user name is already in use and checks the correct email address by sending a confirmation link."
BusTransportationManagementSystem,V1,implicit_information,attribute,Driver.Name,The BTMS keeps track of a driver’s name and automatically assigns a unique ID to each driver.,"City staff can look up a driver’s name in the BTMS, which automatically assigns a unique ID to each driver."
BusTransportationManagementSystem,V2,ambiguity,association,"Route ""1"" -- ""0..*"" RouteAssignment; RouteAssignment ""1"" -- ""0..*"" DriverSchedule","For each route, there is a morning shift, an afternoon shift, and a night shift.","For each of them, there is a morning shift, an afternoon shift, and a night shift."
BusTransportationManagementSystem,V3,semantic_anomaly,other,"Driver.OnSickLeave; Driver ""1"" -- ""0..*"" DriverSchedule","If that is the case, the driver cannot be scheduled or the bus cannot be assigned to a route.","If that is the case, the driver must be scheduled or the bus cannot be assigned to a route."
CardGameApp,V1,implicit_information,attribute,Game.ID; Player.ID; Deck.ID; Card.ID; Scoreboard.ID; Round.ID; RoundType.ID,"Each object has a unique ID attribute, which ensures that it can be found.","Each object has an ID attribute, which allows it to be found without being confused with another object."
CardGameApp,V2,ambiguity,association,"Deck --> ""0..48"" Card",A deck consists of up to 48 cards.,It consists of up to 48 cards.
CardGameApp,V3,semantic_anomaly,multiplicity,uncertain,"In addition, solo rounds have exactly one solo player.","In addition, solo rounds have exactly zero solo players."
CelO,V1,implicit_information,attribute,Person.EmailAddress,"An organizer provides their first and last name, their email address (which is also used as their username), their postal address, their phone number, and their password.","An organizer provides their first and last name, their email address (which they enter in the username field when signing in), their postal address, their phone number, and their password."
CelO,V2,ambiguity,association,"Event ""*"" - ""*"" CheckListTask","When an organizer selects an event, an event-specific checklist is presented to the organizer.","When an organizer selects an event, its checklist is presented to the organizer."
CelO,V3,semantic_anomaly,other,uncertain,"Sometimes, an organizer also attends the event.",An organizer always attends the event.
ClothingCompany,V1,implicit_information,association,"(Manufacturer,Country) .. Product",We also know which company manufactured each product and in which country.,"For each product, we can look up its manufacturer; we also know the country in which it was manufactured."
ClothingCompany,V2,ambiguity,association,"Representative ""1""--""*"" Order : placedBy",Orders from customers are placed by the representatives.,Orders from customers are placed by them.
ClothingCompany,V3,semantic_anomaly,multiplicity,"Product ""1""--""*"" Order : contains",Each order is uniquely identifiable and refers to exactly one product.,Each order is uniquely identifiable and refers to no product.
Cruise,V1,implicit_information,attribute,TravelAgency.Address,A travel agency has a name and an address.,A travel agency has a name and can be contacted at its address.
Cruise,V2,ambiguity,attribute,Ship.PassengerCount,"The name of each ship, the number of decks, the length of the ship, and the number of passengers are known.","The name of each ship, the number of decks, and the length of the ship are known. The number of passengers is also known for it."
Cruise,V3,semantic_anomaly,multiplicity,"diamond --""0..1"" Cruise",A ticket belongs to exactly one cruise.,A ticket belongs to exactly zero cruises.
DestroyBlockGame,V1,implicit_information,attribute,Game.name,Each game has a unique name and its own hall of fame.,"Each game has a name by which it can be unambiguously selected, and its own hall of fame."
DestroyBlockGame,V2,ambiguity,class,PlayedGame,"At the end of a level or when the player pauses the game, the game is saved.","At the end of a level or when the player pauses the game, it is saved."
DestroyBlockGame,V3,semantic_anomaly,association,"Admin ""1"" -- ""*"" Game : admin",Only an admin may create a game.,Only a user who is not an admin may create a game.
EUScienceConnect,V1,implicit_information,attribute,Journal.ImpactFactor,"The impact factor, which measures the scientific impact of a journal is also stored.",A journal's scientific impact can also be assessed by looking up its impact factor.
EUScienceConnect,V2,ambiguity,association,"Person ""*""--""*"" PeerReviewedPaper : reviews",The system stores the citation count of peer-reviewed papers and who reviewed the paper.,The system stores the citation count of peer-reviewed papers and who reviewed each article.
EUScienceConnect,V3,semantic_anomaly,association,"Journal ""1""--""*"" PeerReviewedPaper","Finally, only peer-reviewed papers are published in journals, not technical reports.","Finally, only technical reports are published in journals, not peer-reviewed papers."
Ebike,V1,implicit_information,association,EBike --> Battery : battery,Each EBike can be connected to a removable battery.,"Each EBike can be connected to a battery, including after that battery has been taken out."
Ebike,V2,ambiguity,other,AdvancedController.nextInspection() : Date,"The advanced controller should be able to estimate the
next Date the bike should be inspected for maintenance.",The advanced controller should be able to estimate its next maintenance inspection date.
Ebike,V3,semantic_anomaly,attribute,Battery.storedEnergy,"The battery has a stored energy
measured in Watt-hours (Wh).","The battery has a stored energy
measured in calendar dates."
Facepage,V1,implicit_information,attribute,Page.Visits,"For each page, the page name and the number of visits are logged.","For each page, the page name is logged and the number of visits can be looked up."
Facepage,V2,ambiguity,association,"PersonalAccount ""1""--""*"" PersonalPage : administrator","While each page must be administrated by exactly one account, personal accounts can be granted privileges (e.g., to write something on the all of friends, adjust some information) to pages belonging to other personal accounts.","While each page must be administrated by exactly one account, personal accounts can be granted privileges (e.g., to write something on the wall of friends, adjust some information) to pages managed by other personal accounts."
Facepage,V3,semantic_anomaly,attribute,User.UserID,A user has a unique ID.,All users have the same ID.
FilmSet,V1,implicit_information,attribute,Director.AssistentName,"The education completed by each actor is known, and the name of the director's assistant is stored.","The education completed by each actor is known, and the director's assistant can be looked up by name."
FilmSet,V2,ambiguity,attribute,Director.AssistentName,"The education completed by each actor is known, and the name of the director's assistant is stored.","The education completed by each actor is known, and the name of their assistant is stored."
FilmSet,V3,semantic_anomaly,multiplicity,"Film ""1""--""1"" Screenplay",A film shot on a film set is based on a specific screenplay; a screenplay is written for exactly one film.,A film shot on a film set is based on a specific screenplay; a screenplay is written for exactly zero films.
FitnessCompanyConan,V1,implicit_information,attribute,Center.name,"Every center is characterized by a unique name (e.g., Fitplaza, my6pack).","Every center has a name (e.g., Fitplaza, my6pack) that lets it be selected without confusion with another center."
FitnessCompanyConan,V2,ambiguity,attribute,Room.MaxCapacity,Every room has a maximum capacity.,Each of them has a maximum capacity.
FitnessCompanyConan,V3,semantic_anomaly,attribute,Room.MaxCapacity,Every room has a maximum capacity.,Every room has a maximum capacity of minus one person.
GameArea,V1,implicit_information,multiplicity,"GameArea ""1"" --> ""1"" Enemy : finalBoss",Exactly one opponent is known to the game area as the so-called boss.,The game area can single out an opponent by referring to the so-called boss.
GameArea,V2,ambiguity,association,"GameArea ""1"" o-- ""1..2"" GameCharacter",A game area consists of at least one game element and one or two game pieces.,A game area consists of at least one game element and contains one or two game pieces.
GameArea,V3,semantic_anomaly,attribute,Enemy.numberOfLives,Enemies have a number of lives of type protected int and can be killed.,Enemies have a negative number of lives of type protected int and can be killed.
GasStation_KUL,V1,implicit_information,association,uncertain,Each pump has a separate reservoir that must be refilled when the quantity of gasoline drops below a certain preset reordering level.,The reservoir serving each pump must be refilled independently of the other pumps when its quantity of gasoline drops below a certain preset reordering level.
GasStation_KUL,V2,ambiguity,attribute,Pump.Blocked,"As the bottom of a tank can contain dirt, when the fuel drops below a critical level, the pump is automatically blocked so that no refueling can occur with this pump.","As the bottom of a tank can contain dirt, when the fuel drops below a critical level, it is automatically blocked so that no refueling can occur with this pump."
GasStation_KUL,V3,semantic_anomaly,other,uncertain,"But obviously, each invoice must first have been sent before a payment can be received.","But obviously, each invoice must first have been paid before a payment can be received."
GasStation_TUW,V1,implicit_information,attribute,Fuel.Name,"A fuel is uniquely identified by its name, and its octane rating is also noted.","A fuel can be unambiguously selected by name, and its octane rating is also noted."
GasStation_TUW,V2,ambiguity,attribute,FuelPump.SelfService,It is also noted whether or not it is a self-service fuel pump.,It is also noted whether or not it is self-service.
GasStation_TUW,V3,semantic_anomaly,attribute,DailyPrice.Price,The price per liter is also noted.,The price per liter is also noted as a calendar date.
HelpingHands,V1,implicit_information,association,uncertain,"H2S has a fleet of pickup vehicles, which it uses to collect items from residents.",H2S uses its fleet of pickup vehicles to collect items from residents.
HelpingHands,V2,ambiguity,attribute,SecondHandArticle.Category,"In addition, the H2S employee assigns a category to the article from a standard list of 134 categories (e.g., baby clothing, women’s winter boots, fridge, microwave…).","In addition, the H2S employee assigns it a category from a standard list of 134 categories (e.g., baby clothing, women’s winter boots, fridge, microwave…)."
HelpingHands,V3,semantic_anomaly,other,uncertain,A scheduled pickup may occur anytime between 8:00 and 14:00.,A scheduled pickup must occur after 14:00 and before 8:00 on the same day.
HomeForTheElderly,V1,implicit_information,attribute,Category.Price,Each category has a price.,The category's price is used when invoicing a stay.
HomeForTheElderly,V2,ambiguity,attribute,uncertain,"In case the type of stay needs to be changed after the re-assessment, the proposal is marked as invalidated, and the requested type of stay is updated, but the person remains in the same position on the waiting list.","In case the type of stay needs to be changed after the re-assessment, it is marked as invalidated, and the requested type of stay is updated, but the person remains in the same position on the waiting list."
HomeForTheElderly,V3,semantic_anomaly,attribute,Invoice.Status,"If the remaining amount is zero, the invoice is registered as ""paid"".","If the remaining amount is zero, the invoice is registered as ""unpaid""."
HospitalHouseMD,V1,implicit_information,association,"Illness ""1"" -- ""0..*"" Treatment",For each illness HospitalHouseMD has a database with all possible treatments.,For each illness HospitalHouseMD can look up all possible treatments.
HospitalHouseMD,V2,ambiguity,association,"Doctor ""1"" -- ""0..*"" Diagnosis","Once the higher follow-up rate isn’t needed anymore for a specific treatment for a patient, the treatment can downgrade again to lower stages (downgrading is the responsibility of the doctor).","Once the higher follow-up rate isn’t needed anymore for a specific treatment for a patient, the treatment can downgrade again to lower stages (downgrading is their responsibility)."
HospitalHouseMD,V3,semantic_anomaly,attribute,Diagnosis.Stage,"When an illness gets priority score high, all applied treatments for that illness are immediately placed into stage 3, by means of a priority stage upgrade.","When an illness gets priority score high, all applied treatments for that illness are immediately placed into stage 1, by means of a priority stage upgrade."
HotelBookingManagementSystem,V1,implicit_information,association,"Booking ""*"" -- ""1"" Traveller",HBMS stores all past booking information for a traveller to calculate a reliability rating.,HBMS calculates a traveller’s reliability rating by consulting the complete history of that traveller’s bookings.
HotelBookingManagementSystem,V2,ambiguity,association,"Hotel ""1"" *-- ""*"" RoomAvailability","A hotel may announce its available types of rooms for a given period in HBMS, and may also inform HBMS when a particular type of room is fully booked.","It may announce its available types of rooms for a given period in HBMS, and may also inform HBMS when a particular type of room is fully booked."
HotelBookingManagementSystem,V3,semantic_anomaly,other,uncertain,"However, if a confirmed booking is cancelled after this deadline, then 1-night accommodation is charged for the traveller.","However, if a confirmed booking is cancelled after this deadline, then minus one night's accommodation is charged to the traveller."
House,V1,implicit_information,attribute,EarthBasement.Humidity,The humidity level of earth basements is also stored.,The humidity level of an earth basement can also be looked up.
House,V2,ambiguity,attribute,JobLog.Price; JobLog.Hours,"Whenever a company carries out a job in a house, the number of hours and the agreed price are recorded in a job log.","Whenever a company carries out a job in a house, its agreed price and number of hours are recorded in a job log."
House,V3,semantic_anomaly,class,JobLog,"Whenever a company carries out a job in a house, the number of hours and the agreed price are recorded in a job log.","Whenever a company carries out a job in a house, the number of hours and the agreed price are recorded in the house's building material."
Kinepolis,V1,implicit_information,association,"Cinema ""1..1"" -- ""0..*"" Theatre",Each cinema has several theatres in which several shows can be programmed per day.,Several shows per day can be programmed in the theatres of each cinema.
Kinepolis,V2,ambiguity,association,"Seat ""1..1"" -- ""0..*"" Ticket",The tickets will also be assigned a seat number.,They will also be assigned a seat number.
Kinepolis,V3,semantic_anomaly,association,uncertain,"In contrast with on-line seat reservations, tickets issued at the entrance are anonymous and cannot be cancelled or refunded.","In contrast with on-line seat reservations, tickets issued at the entrance are anonymous and must identify the customer by name, and cannot be cancelled or refunded."
LabTracker,V1,implicit_information,attribute,Test.Duration,The duration of a test is the same at each lab.,Changing the lab for a test does not require changing the time allotted to that test.
LabTracker,V2,ambiguity,attribute,TestResult.Report,The doctor and the patient can view the results of each test (either negative or positive) as well as the accompanying report.,The doctor and the patient can view the results of each test (either negative or positive) as well as their accompanying report.
LabTracker,V3,semantic_anomaly,other,uncertain,A doctor cannot prescribe a test for themselves but can prescribe tests to someone else who is a doctor.,A doctor can prescribe a test only for themselves but can prescribe tests to someone else who is a doctor.
Louvre,V1,implicit_information,association,"Employee ""0..*"" -- ""0..1"" Employee : hasCoach >","This ""coaching"" relationship between employees is also tracked by the system.",The system also allows the coach assigned to a junior employee to be looked up.
Louvre,V2,ambiguity,association,"Employee ""1"" -- ""0..*"" Exhibition : Coordinator",Each exhibition is assigned an employee of the museum as coordinator.,Each exhibition is assigned one of its employees as coordinator.
Louvre,V3,semantic_anomaly,other,uncertain,"Also, the planning phase of an exhibition starts at least two years before the actual opening date of an exhibition, so that even for a single room, several exhibitions in different stages of advancement need to be followed up simultaneously.","Also, the planning phase of an exhibition starts at least two years after the actual opening date of an exhibition, so that even for a single room, several exhibitions in different stages of advancement need to be followed up simultaneously."
Menso,V1,implicit_information,attribute,uncertain,Buses get a 'line' number.,Buses are referred to by their 'line' number.
Menso,V2,ambiguity,attribute,PriceCategory.Price,A MENSO ticket is valid during one year and the price of a trip depends of the category of line you are travelling with.,"A MENSO ticket is valid during one year, and for each trip its price depends on the category of line you are travelling with."
Menso,V3,semantic_anomaly,other,uncertain,A MENSO ticket is valid during one year and the price of a trip depends of the category of line you are travelling with.,A MENSO ticket is valid only before it is issued and the price of a trip depends of the category of line you are travelling with.
Musicmatic,V1,implicit_information,attribute,Artist.Name,"You can assume an artist is uniquely identified by his/her name, and that a song always belongs to exactly one artist.","You can assume an artist can be selected without confusion by name, and that a song always belongs to exactly one artist."
Musicmatic,V2,ambiguity,association,"Single ""*""-""*"" RegularUser","These songs are classified either as singles or hits, and regular users can directly buy the singles.","These songs are classified either as singles or hits, and regular users can directly buy individual songs."
Musicmatic,V3,semantic_anomaly,association,"Hit ""*""--""*"" Album","Otherwise, people can compose an album consisting of multiple hits (no singles).","Otherwise, people can compose an album consisting of multiple hits (no hits)."
OnlineTutoringSystem,V1,implicit_information,association,"User ""1"" *-- ""0..2"" TutoringRole : roles",The OTS is used by students and tutors where a tutor may also be a student.,The OTS is used by students and tutors; a tutor may also submit a student's tutoring request for themselves.
OnlineTutoringSystem,V2,ambiguity,class,Subject,"At the end of each month, tutor-of-the-month awards are given for the best tutors in each subject.","At the end of each month, tutor-of-the-month awards are given for the best tutors in each tutoring category."
OnlineTutoringSystem,V3,semantic_anomaly,other,uncertain,"However, if the student
cancels less than 24 hours prior to the session then 75% of the session’s price has to be paid.","However, if the student
cancels less than 24 hours prior to the session then minus 75% of the session’s price has to be paid."
PizzaDeliveryWithEntertainment,V1,implicit_information,attribute,User.UserID,Every user should also be uniquely identifiable.,Selecting a user must never bring up a different user's details.
PizzaDeliveryWithEntertainment,V2,ambiguity,association,"Entertainer ""1""--""*"" EntertainmentOrder",Every entertainment order is fulfilled by exactly one entertainer.,Every entertainment order is fulfilled by exactly one service provider.
PizzaDeliveryWithEntertainment,V3,semantic_anomaly,attribute,Entertainer.PriceThirtyMin,"When users select entertainer, they need to provide a stage name, write a short bio about themselves, and indicate their price per 30 minutes.","When users select entertainer, they need to provide a stage name, write a short bio about themselves, and indicate their price per minus 30 minutes."
ProjectManagement,V1,implicit_information,multiplicity,"WorkPackage ""0..*"" - ""0..1"" ResearchGroup","Projects are decomposed into Work Packages (WP), and each WP has exactly one research group assigned to it as WP leader.","Projects are decomposed into Work Packages (WP), and for each WP, the responsible research group acts as WP leader."
ProjectManagement,V2,ambiguity,association,"ResearchGroup ""1"" - ""0..*"" Researcher",Researchers belong to exactly one research group.,Researchers belong to exactly one of these.
ProjectManagement,V3,semantic_anomaly,other,uncertain,"A researcher can be assigned to any WP, independent of which RG is leading the WP.",A researcher can be assigned only to a WP led by the researcher's own RG.
School,V1,implicit_information,attribute,Teacher.Email,Teachers' email addresses are also known.,Teachers can also be contacted at their email addresses.
School,V2,ambiguity,attribute,Teacher.Email,Teachers' email addresses are also known.,Their email addresses are also known.
School,V3,semantic_anomaly,multiplicity,"Student ""10..31""--o""1"" ClassGroup","Between 10 and 31 students form a class group, which has a name (e.g., 5a).","At least 31 and at most 10 students form a class group, which has a name (e.g., 5a)."
SellingGoods,V1,implicit_information,attribute,Product.Stock,"To keep track of your stock, you want to be able to register the products you offer and the current stock of each product.","To keep track of your stock, you want to be able to register the products you offer and look up the current stock of each product."
SellingGoods,V2,ambiguity,class,Order,An order should still be paid in full.,It should still be paid in full.
SellingGoods,V3,semantic_anomaly,other,uncertain,"Similarly, orders are always shipped in their entirety to keep shipping simple.","Similarly, orders are always shipped in their entirety before they are placed, to keep shipping simple."
Sightseeing,V1,implicit_information,association,"GuidedTour ""*""-""1"" Guide","Of course, a guided tour also requires a guide.",Visitors on a guided tour follow their guide.
Sightseeing,V2,ambiguity,association,"(Visitor,GuidedTour) .. Discount","A maximum of 20 visitors can take part in a guided tour, and certain visitors may be granted a discount for certain guided tours; the amount of this discount must be known.","A maximum of 20 visitors can take part in a guided tour, and certain visitors may be granted a discount for certain guided tours; the discount amount for them must be known."
Sightseeing,V3,semantic_anomaly,generalization,Person <|-- Guide; Visitor -|> Person,The visitors and the guide are people who have names.,The visitors and the guide are cities that have names.
SmartHomeAutomationSystem,V1,implicit_information,attribute,Device.deviceID,Each sensor and actuator have a unique device identifier.,Each sensor and actuator has a device identifier that allows it to be singled out.
SmartHomeAutomationSystem,V2,ambiguity,association,"SmartHome ""1"" *-- ""0..1"" ActivityLog : log",All sensor readings and control commands for a smart home are recorded by SHAS in an activity log.,All sensor readings and control commands for a smart home are recorded by SHAS in its activity log.
SmartHomeAutomationSystem,V3,semantic_anomaly,association,"AlertRule ""1"" *-- ""0..1"" BooleanExpression : precondition","The precondition is a Boolean expression constructed from relational terms connected by basic Boolean operators (AND, OR, NOT).","The precondition is a physical room constructed from relational terms connected by basic Boolean operators (AND, OR, NOT)."
Sober,V1,implicit_information,association,"OtherCar ""*""--""1"" Customer : Owns","For the latter, Sober also wants to keep track of the car owners.","For the latter, Sober also wants to be able to look up who owns a registered car."
Sober,V2,ambiguity,association,"OtherCar ""*""--""1"" Customer : Owns","For the latter, Sober also wants to keep track of the car owners.","For Sober cabs, Sober also wants to keep track of the car owners."
Sober,V3,semantic_anomaly,multiplicity,uncertain,The maximum number of passengers for a ride-share service is ten.,The maximum number of passengers for a ride-share service is minus ten.
StudentAppointment,V1,implicit_information,multiplicity,"CourseSubscription ""1"" -- ""0..*"" Appointment; TeachingAssistant ""1"" -- ""0..*"" Appointment","An appointment is always for only one specific course, and with one particular assistant who is TA (teaching assistant) for that course.",An appointment always concerns its specific course and involves one particular assistant who is TA (teaching assistant) for that course.
StudentAppointment,V2,ambiguity,association,"Course ""0..*"" - ""0..*"" Assistant; (Course,Assistant) .. TeachingAssistant",A teaching assistant can also only provide help for the courses (s)he is teaching.,A teaching assistant can also only provide help for those (s)he is teaching.
StudentAppointment,V3,semantic_anomaly,association,"CourseSubscription ""1"" -- ""0..*"" Appointment",A student can only request an appointment for a particular course when (s)he is also registered for the respective course.,A student can only request an appointment for a particular course when (s)he is not registered for the respective course.
TeamSportsScoutingSystem,V1,implicit_information,association,"HeadCoach *--> ""0..*"" PlayerProfile","It is the role of the head coach to identify designated player profiles for future signings, which includes designated target positions for a player",The head coach's designated player profiles for future signings include designated target positions for a player
TeamSportsScoutingSystem,V2,ambiguity,association,uncertain,"After comparing first scouting results for a designated player profile, the head coach and the head scout decide upon which players to move to the short list.","After comparing first scouting results for a designated player profile, the head coach and the head scout decide upon which players to move to their short list."
TeamSportsScoutingSystem,V3,semantic_anomaly,association,"Player ""0..1"" -- ""0..*"" Offer","If a player is finally recommended for signing by the head scout, the director makes an official offer for the player.","If a player is finally recommended for signing by the head scout, the director makes an official offer to sign the scouting report as a player."
TileOGame,V1,implicit_information,attribute,Player.color,Each playing piece has a different color.,Each playing piece has a color by which players can tell it apart from the other pieces.
TileOGame,V2,ambiguity,association,"Tile  ""2"" -- ""0..4"" Connection : connections/tiles",The designer places the tiles on the board and connects them with connection pieces.,The designer places the tiles on the board and connects them with their connection pieces.
TileOGame,V3,semantic_anomaly,multiplicity,uncertain,At the most one tile can be connected on each side.,Each side has a maximum connection capacity of minus one tile.
TransportCompany,V1,implicit_information,attribute,Employee.FirstName; Employee.LastName,I need to be able to store their names and social security numbers.,I need to be able to look up their names and store their social security numbers.
TransportCompany,V2,ambiguity,attribute,AdministrationEmployee.FieldOfActivity,The administrative staff's field of activity is known.,Their field of activity is known.
TransportCompany,V3,semantic_anomaly,attribute,Vehicle.Milage,I want to store the license plate number and mileage for the vehicles.,I want to store the license plate number and mileage measured in calendar dates for the vehicles.
TreatmentPlans,V1,implicit_information,multiplicity,"ExaminationType ""1"" -- ""0..*"" Permission; AdvisedExamination ""0..*"" - ""1"" Permission; FreeExamination ""0..*"" -- ""1"" Permission",Every single examination is of only one type.,An examination is carried out according to its particular type.
TreatmentPlans,V2,ambiguity,association,"Affiliation ""0..*"" -- ""1"" Doctor; Affiliation ""0..*"" -- ""1"" Hospital","Also, examinations are not necessarily at the same hospital: a doctor can send a patient to another hospital if his/her own hospital doesn't have a permission for the desired examination.","Also, examinations are not necessarily at the same hospital: a doctor can send a patient to another hospital if their own hospital doesn't have a permission for the desired examination."
TreatmentPlans,V3,semantic_anomaly,association,"Permission ""0..*"" -- ""1"" Hospital; ExaminationType ""1"" -- ""0..*"" Permission","Also, examinations are not necessarily at the same hospital: a doctor can send a patient to another hospital if his/her own hospital doesn't have a permission for the desired examination.","Also, examinations are not necessarily at the same hospital: a doctor can send a patient to another hospital only if that other hospital has no permission for the desired examination."
TruckLogistics,V1,implicit_information,attribute,Vehicle.vehicleNumber,Each vehicle has a vehicle number.,A vehicle's number can be looked up.
TruckLogistics,V2,ambiguity,attribute,Location.address,Each location has its own address.,Each of them has its own address.
TruckLogistics,V3,semantic_anomaly,multiplicity,"Assignment ""0..1"" --> ""*"" Driver : executes",Drivers carry out a maximum of one order assigned to them at any one time.,Drivers carry out a maximum of minus one order assigned to them at any one time.
University,V1,implicit_information,attribute,Employee.counter,The total number of employees is known.,The university can report its total employee count.
University,V2,ambiguity,attribute,Institute.address,The address of each institute is known.,The address of each of them is known.
University,V3,semantic_anomaly,attribute,Course.hours,"Courses have a unique number (ID), a name and a weekly duration in hours.","Courses have a unique number (ID), a name and a weekly duration in hours that exceeds the number of hours in a week."
eHome2020,V1,implicit_information,attribute,Sensor.id,All sensors have a unique vendor-id,All sensors have a vendor-id that allows each sensor to be singled out
eHome2020,V2,ambiguity,attribute,Sensor.description,This includes assigning sensors to a new room or changing the sensor’s description.,This includes assigning sensors to a new room or changing its description.
eHome2020,V3,semantic_anomaly,attribute,Measurement.value,Each value has a timestamp and the corresponding value as a floating point number.,Each value has a timestamp and the corresponding value as a room.