version,metric,n,mean,sd,median,iqr,min,max,ci_low,ci_high
V0,association_score,44,0.7550479582686956,0.14059135619205984,0.7898807863128436,0.18439458342855197,0.4240476670486043,0.9942307692307693,0.712381288190533,0.7953739680278912
V0,attribute_score,44,0.7865587814756272,0.14616443354929434,0.8352700912585331,0.1475813535835686,0.4006399367556495,0.9942703408019828,0.741730744579576,0.8274230031260845
V0,class_score,44,0.7771055345135477,0.13938612358389535,0.8115631971728452,0.171344071489563,0.4183485459609704,0.9821830412660412,0.7359577931161145,0.8162759075321259
V1,association_score,44,0.761402632848704,0.14165982135376085,0.7769101282308617,0.18365142929736877,0.40068952334115593,0.9942307692307693,0.7185061010031203,0.8022091861211017
V1,attribute_score,44,0.783515909403895,0.13875105795052098,0.8264021587441042,0.16874575474771913,0.399687623724665,0.9927197500345576,0.741820359786632,0.8232631035809979
V1,class_score,44,0.7768819264373377,0.1326021010309109,0.8119273887131675,0.1793722441336134,0.43843874041113295,0.9810976277288432,0.7363815008871304,0.8139815563904521
V2,association_score,44,0.7629267828245986,0.14851618516052875,0.8002270004702248,0.1724880746345745,0.3846860822422388,0.984302875531564,0.7177142788303781,0.8049119804087921
V2,attribute_score,44,0.7817618062222653,0.13978616982196776,0.8285165022018153,0.14227874257758966,0.4012872748259996,0.9636571127056848,0.7398207179345515,0.8207796536340186
V2,class_score,44,0.7761112992029653,0.13430717519259186,0.821375128386018,0.17869974902273156,0.431040417367672,0.9678348626594692,0.7355056603644585,0.8143745025293218
V3,association_score,44,0.7446560175681823,0.14261807723261616,0.7606214408736546,0.1668935416675703,0.3692665673769744,0.9695862196374996,0.7018934115245887,0.7843139611371593
V3,attribute_score,44,0.7751077715320038,0.14294422447327426,0.8261717410770448,0.1740904379876499,0.3828442568637889,0.9922469451781848,0.733348251275895,0.8148355234014191
V3,class_score,44,0.7659722453428573,0.1355565747110106,0.8081592727599755,0.16929598582552097,0.39916855482273594,0.9807666643293824,0.7257781743055862,0.8046695946894876
V4,association_score,44,0.7405040791869468,0.13923799388777097,0.7618574781556322,0.16568329612932542,0.37118549135974965,0.9539793423488436,0.6980275439745367,0.7792233854145548
V4,attribute_score,44,0.775265278985045,0.14919852383777737,0.8229998226152866,0.18508242119931173,0.36324266765248114,0.9875090341398648,0.7304460678587174,0.8163849799860937
V4,class_score,44,0.7648369190456155,0.13999989025563533,0.8059249077765658,0.17670465006744152,0.3742346761221483,0.9774501266025584,0.7229483056677872,0.8050228654945162
