version,metric,n,mean,sd,median,iqr,min,max,ci_low,ci_high,mean_v0,mean_variant,mean_abs,median_abs,improved,unchanged,worsened,improved_pct,unchanged_pct,worsened_pct
V1,association_score,44,0.0063546745800083975,0.065563351765081,0.007388880093634698,0.04623451972512796,-0.27149992842051995,0.14057338279311526,-0.014214381601420165,0.02444859386409499,0.7550479582686956,0.761402632848704,0.04234449959798125,0.02661670794799159,25,4,15,56.81818181818182,9.090909090909092,34.090909090909086
V1,attribute_score,44,-0.0030428720717321526,0.062262986613786694,0,0.04471453293135881,-0.2617133624549327,0.11640634547381234,-0.022698483664576496,0.014105321941761782,0.7865587814756272,0.783515909403895,0.03767752014269903,0.025315108852017543,20,8,16,45.45454545454545,18.181818181818183,36.36363636363637
V1,class_score,44,-2.2360807620998383e-4,0.05836846794951282,3.277550523665962e-4,0.0521684584885683,-0.26464933224460874,0.12365645666960334,-0.01827287563620981,0.016198432224923016,0.7771055345135477,0.7768819264373377,0.03645749306418135,0.02686204521167379,22,2,20,50,4.545454545454546,45.45454545454545
V2,association_score,44,0.007878824555903014,0.04598821310834611,0.008978072948526344,0.034929399075107476,-0.1460770417938782,0.1253728318541787,-0.005807422909940974,0.020876237124694736,0.7550479582686956,0.7629267828245986,0.03231453373929348,0.02475081860256112,27,7,10,61.36363636363637,15.909090909090908,22.727272727272727
V2,attribute_score,44,-0.0047969752533617745,0.03585441389895946,0,0.03673617529262167,-0.08704047261393999,0.08113096087008509,-0.01488181855960635,0.005689544491316012,0.7865587814756272,0.7817618062222653,0.02723896939725924,0.024457804805954275,17,8,19,38.63636363636363,18.181818181818183,43.18181818181818
V2,class_score,44,-9.942353105823502e-4,0.033236542211213214,0,0.045590922353523494,-0.06773658842823282,0.06453392012658943,-0.010602255239574665,0.009009009742162429,0.7771055345135477,0.7761112992029653,0.025284052869217432,0.025366386246096828,19,5,20,43.18181818181818,11.363636363636363,45.45454545454545
V3,association_score,44,-0.01039194070051322,0.05553064419340986,0,0.04650590485236601,-0.15663604115805385,0.11913282424941335,-0.026880675595027718,0.0052635827640517135,0.7550479582686956,0.7446560175681823,0.03820542932763086,0.023073201160122514,20,4,20,45.45454545454545,9.090909090909092,45.45454545454545
V3,attribute_score,44,-0.011451009943623325,0.03662470940815971,-3.7804122842333143e-4,0.03796937093070141,-0.12416866748624189,0.04623078749273901,-0.022417789321753628,-0.0011113428326187062,0.7865587814756272,0.7751077715320038,0.026649153762839863,0.021635763602015246,15,7,22,34.090909090909086,15.909090909090908,50
V3,class_score,44,-0.011133289170690305,0.03586625394725069,-7.046491799493904e-4,0.050357965312277514,-0.10450954760243392,0.06262963785102704,-0.021749719686630354,-9.86444464336454e-4,0.7771055345135477,0.7659722453428573,0.027365848863132945,0.01686444355667449,19,1,24,43.18181818181818,2.272727272727273,54.54545454545454
V4,association_score,44,-0.014543879081748796,0.06049975363114355,-0.00916412659720861,0.06678650658979235,-0.1600958418468359,0.1330043550876392,-0.03228849608288191,0.002914918288226087,0.7550479582686956,0.7405040791869468,0.04624481675127367,0.04436751715184706,17,3,24,38.63636363636363,6.8181818181818175,54.54545454545454
V4,attribute_score,44,-0.011293502490582131,0.04909706468498748,-0.006526916244536829,0.043530192698759296,-0.16483722054497962,0.12466138987556463,-0.0256585961875303,0.0031138638186883204,0.7865587814756272,0.775265278985045,0.03453231594927491,0.02749481783366675,15,1,28,34.090909090909086,2.272727272727273,63.63636363636363
V4,class_score,44,-0.012268615467932141,0.04716754593031282,-0.01395444817959196,0.04631069067207247,-0.11491606193665471,0.12716427943918707,-0.025833423551844602,0.0014937021819082835,0.7771055345135477,0.7648369190456155,0.03611309367243357,0.03045738565245759,14,1,29,31.818181818181817,2.272727272727273,65.9090909090909
