version,metric,n,mean_abs_variant,mean_abs_replication,median_abs_variant,median_abs_replication,mean_abs_excess,ci_low,ci_high
V1,association_score,44,0.04234449959798125,0.035314733698622036,0.02661670794799159,0.02910686839218629,0.007029765899359211,-0.00307127145524478,0.017047138185474126
V1,attribute_score,44,0.03767752014269903,0.03153322348901643,0.025315108852017543,0.018925587982065672,0.0061442966536826,-0.005002858270136827,0.016683855310426845
V1,class_score,44,0.03645749306418135,0.029935788341536856,0.02686204521167379,0.020146089560992897,0.006521704722644497,-0.0010042127870188784,0.01410459842665469
V2,association_score,44,0.03231453373929348,0.035314733698622036,0.02475081860256112,0.02910686839218629,-0.0030001999593285557,-0.016793921993129235,0.010547817093424004
V2,attribute_score,44,0.02723896939725924,0.03153322348901643,0.024457804805954275,0.018925587982065672,-0.004294254091757191,-0.020953855595822017,0.00935995105481244
V2,class_score,44,0.025284052869217432,0.029935788341536856,0.025366386246096828,0.020146089560992897,-0.004651735472319419,-0.019522435890184316,0.0066472027027931905
V3,association_score,44,0.03820542932763086,0.035314733698622036,0.023073201160122514,0.02910686839218629,0.002890695629008828,-0.010790089330417807,0.016619125931844843
V3,attribute_score,44,0.026649153762839863,0.03153322348901643,0.021635763602015246,0.018925587982065672,-0.004884069726176571,-0.02126222070473632,0.0086224315047863
V3,class_score,44,0.027365848863132945,0.029935788341536856,0.01686444355667449,0.020146089560992897,-0.0025699394784039257,-0.01739069497537935,0.009420654184719312
V4,association_score,44,0.04624481675127367,0.035314733698622036,0.04436751715184706,0.02910686839218629,0.01093008305265163,-0.003723484800349494,0.025982928638827944
V4,attribute_score,44,0.03453231594927491,0.03153322348901643,0.02749481783366675,0.018925587982065672,0.002999092460258473,-0.015463153396071258,0.019166572510413246
V4,class_score,44,0.03611309367243357,0.029935788341536856,0.03045738565245759,0.020146089560992897,0.006177305330896719,-0.009210504812889046,0.020048679269916662
