version,metric,n,sd_delta,alpha,power,mde_normal
V1,association_score,44,0.065563351765081,0.004166666666666667,0.8,0.036638991334476755
V1,attribute_score,44,0.062262986613786694,0.004166666666666667,0.8,0.03479463702794046
V1,class_score,44,0.05836846794951282,0.004166666666666667,0.8,0.03261824988861965
V2,association_score,44,0.04598821310834611,0.004166666666666667,0.8,0.02569974987859258
V2,attribute_score,44,0.03585441389895946,0.004166666666666667,0.8,0.020036644326142855
V2,class_score,44,0.033236542211213214,0.004166666666666667,0.8,0.01857369016806713
V3,association_score,44,0.05553064419340986,0.004166666666666667,0.8,0.031032379166494588
V3,attribute_score,44,0.03662470940815971,0.004166666666666667,0.8,0.0204671111910417
V3,class_score,44,0.03586625394725069,0.004166666666666667,0.8,0.02004326094068533
V4,association_score,44,0.06049975363114355,0.004166666666666667,0.8,0.0338092835304072
V4,attribute_score,44,0.04909706468498748,0.004166666666666667,0.8,0.027437080001446422
V4,class_score,44,0.04716754593031282,0.004166666666666667,0.8,0.02635880045915664
