case_id,version,metric,run1.supplied,run2.supplied,diff,abs_diff,run2.source,run1.source,delta,abs_delta,verified
AirTravel,V0,class_score,0.786472,0.841815,0.055343,0.055343,0.8418148686916871,0.786472122930748,0.055342745760939116,0.055342745760939116,TRUE
AirTravel,V0,attribute_score,0.783064,0.826847,0.043783,0.043783,0.8268474781894551,0.7830644466806531,0.04378303150880203,0.04378303150880203,TRUE
AirTravel,V0,association_score,0.794423,0.876739,0.082315,0.082315,0.8767387798635619,0.7944233675143029,0.08231541234925899,0.08231541234925899,TRUE
AlphaInsurance,V0,class_score,0.464004,0.506412,0.042408,0.042408,0.5064124073871998,0.4640043998057276,0.04240800758147223,0.04240800758147223,TRUE
AlphaInsurance,V0,attribute_score,0.466743,0.499388,0.032644,0.032644,0.4993877820241528,0.4667434685916303,0.0326443134325225,0.0326443134325225,TRUE
AlphaInsurance,V0,association_score,0.457613,0.522803,0.06519,0.06519,0.5228031999009762,0.457613239305288,0.06518996059568821,0.06518996059568821,TRUE
BankAccount,V0,class_score,0.982183,0.982183,0,0,0.9821830412660412,0.9821830412660412,0,0,TRUE
BankAccount,V0,attribute_score,0.99427,0.99427,0,0,0.9942703408019828,0.9942703408019828,0,0,TRUE
BankAccount,V0,association_score,0.953979,0.953979,0,0,0.9539793423488436,0.9539793423488436,0,0,TRUE
Boeing,V0,class_score,0.629159,0.733675,0.104516,0.104516,0.7336745844735879,0.6291588546613519,0.104515729812236,0.104515729812236,TRUE
Boeing,V0,attribute_score,0.613781,0.739685,0.125904,0.125904,0.7396851393464269,0.6137814937018218,0.1259036456446051,0.1259036456446051,TRUE
Boeing,V0,association_score,0.665039,0.71965,0.054611,0.054611,0.7196499564369635,0.6650393635669224,0.05461059287004111,0.05461059287004111,TRUE
BuildingManagement,V0,class_score,0.84461,0.593151,-0.251458,0.251458,0.5931511343072553,0.8446095960850204,-0.2514584617777651,0.2514584617777651,TRUE
BuildingManagement,V0,attribute_score,0.876261,0.607042,-0.269219,0.269219,0.60704170113123,0.8762606278461609,-0.26921892671493086,0.26921892671493086,TRUE
BuildingManagement,V0,association_score,0.770757,0.56074,-0.210017,0.210017,0.5607398117179809,0.7707571886423598,-0.21001737692437883,0.21001737692437883,TRUE
BusTransportationManagementSystem,V0,class_score,0.946761,0.936751,-0.01001,0.01001,0.9367505973386788,0.9467605973386788,-0.010009999999999963,0.010009999999999963,TRUE
BusTransportationManagementSystem,V0,attribute_score,0.958407,0.944107,-0.0143,0.0143,0.9441067592106128,0.9584067592106128,-0.01429999999999998,0.01429999999999998,TRUE
BusTransportationManagementSystem,V0,association_score,0.919586,0.919586,0,0,0.9195862196374994,0.9195862196374994,0,0,TRUE
CardGameApp,V0,class_score,0.867293,0.867293,0,0,0.8672933933649889,0.8672933933649889,0,0,TRUE
CardGameApp,V0,attribute_score,0.910846,0.910846,0,0,0.9108464179897154,0.9108464179897154,0,0,TRUE
CardGameApp,V0,association_score,0.76567,0.76567,0,0,0.7656696692406271,0.7656696692406271,0,0,TRUE
CelO,V0,class_score,0.797694,0.850915,0.053221,0.053221,0.8509150635362827,0.7976938043218309,0.053221259214451755,0.053221259214451755,TRUE
CelO,V0,attribute_score,0.797601,0.864288,0.066688,0.066688,0.8642884916034114,0.797600795610733,0.06668769599267832,0.06668769599267832,TRUE
CelO,V0,association_score,0.797911,0.81971,0.0218,0.0218,0.8197103980463156,0.7979108246477257,0.021799573398589955,0.021799573398589955,TRUE
ClothingCompany,V0,class_score,0.852635,0.868206,0.015571,0.015571,0.8682063345931491,0.8526353150249864,0.015571019568162758,0.015571019568162758,TRUE
ClothingCompany,V0,attribute_score,0.890269,0.900473,0.010204,0.010204,0.9004729455628464,0.8902689672978928,0.010203978264953562,0.010203978264953562,TRUE
ClothingCompany,V0,association_score,0.764823,0.792918,0.028094,0.028094,0.7929175756638555,0.7648234597215378,0.0280941159423177,0.0280941159423177,TRUE
DestroyBlockGame,V0,class_score,0.820296,0.795368,-0.024928,0.024928,0.7953680980497768,0.8202963073693647,-0.024928209319587835,0.024928209319587835,TRUE
DestroyBlockGame,V0,attribute_score,0.851782,0.833356,-0.018426,0.018426,0.8333557777205302,0.8517816094613533,-0.01842583174082313,0.01842583174082313,TRUE
DestroyBlockGame,V0,association_score,0.746831,0.70673,-0.0401,0.0401,0.706730178818019,0.7468306024880582,-0.04010042367003919,0.04010042367003919,TRUE
EUScienceConnect,V0,class_score,0.859103,0.859103,0,0,0.8591034320880413,0.8591034320880413,0,0,TRUE
EUScienceConnect,V0,attribute_score,0.878108,0.878108,0,0,0.8781077883419635,0.8781077883419635,0,0,TRUE
EUScienceConnect,V0,association_score,0.81476,0.81476,0,0,0.8147599341622234,0.8147599341622234,0,0,TRUE
Ebike,V0,class_score,0.80012,0.800775,6.56e-4,6.56e-4,0.8007750440632508,0.8001195339585176,6.555101047331924e-4,6.555101047331924e-4,TRUE
Ebike,V0,attribute_score,0.832484,0.832484,0,0,0.8324842808690263,0.8324842808690263,0,0,TRUE
Ebike,V0,association_score,0.724602,0.726787,0.002185,0.002185,0.726786824849775,0.7246017911673311,0.0021850336824438266,0.0021850336824438266,TRUE
Facepage,V0,class_score,0.841433,0.86356,0.022126,0.022126,0.8635597609956985,0.8414334462158752,0.022126314779823297,0.022126314779823297,TRUE
Facepage,V0,attribute_score,0.8585,0.88632,0.02782,0.02782,0.8863199262033303,0.8584999807782213,0.027819945425109016,0.027819945425109016,TRUE
Facepage,V0,association_score,0.801612,0.810453,0.008841,0.008841,0.8104527088445579,0.8016115322370678,0.008841176607490064,0.008841176607490064,TRUE
FilmSet,V0,class_score,0.849908,0.851573,0.001666,0.001666,0.851573416179834,0.8499077427519686,0.0016656734278653884,0.0016656734278653884,TRUE
FilmSet,V0,attribute_score,0.870754,0.870754,0,0,0.8707537673086496,0.8707537673086496,0,0,TRUE
FilmSet,V0,association_score,0.801267,0.806819,0.005552,0.005552,0.8068192635459308,0.8012670187863795,0.005552244759551295,0.005552244759551295,TRUE
FitnessCompanyConan,V0,class_score,0.878009,0.878009,0,0,0.8780087672828507,0.8780087672828507,0,0,TRUE
FitnessCompanyConan,V0,attribute_score,0.865586,0.865586,0,0,0.8655864912997903,0.8655864912997903,0,0,TRUE
FitnessCompanyConan,V0,association_score,0.906994,0.906994,0,0,0.906994077909992,0.906994077909992,0,0,TRUE
GameArea,V0,class_score,0.952145,0.935002,-0.017143,0.017143,0.9350016608966084,0.9521445180394654,-0.017142857142857015,0.017142857142857015,TRUE
GameArea,V0,attribute_score,0.963657,0.963657,0,0,0.9636571127056848,0.9636571127056848,0,0,TRUE
GameArea,V0,association_score,0.925282,0.868139,-0.057143,0.057143,0.8681389400087633,0.9252817971516204,-0.05714285714285705,0.05714285714285705,TRUE
GasStation_KUL,V0,class_score,0.418349,0.458635,0.040286,0.040286,0.458634636474073,0.4183485459609704,0.04028609051310261,0.04028609051310261,TRUE
GasStation_KUL,V0,attribute_score,0.40064,0.425486,0.024847,0.024847,0.42548647739151263,0.4006399367556495,0.024846540635863112,0.024846540635863112,TRUE
GasStation_KUL,V0,association_score,0.459669,0.53598,0.076312,0.076312,0.5359803410000473,0.4596686341067191,0.07631170689332822,0.07631170689332822,TRUE
GasStation_TUW,V0,class_score,0.919841,0.910656,-0.009185,0.009185,0.9106557729646448,0.9198412087377316,-0.009185435773086725,0.009185435773086725,TRUE
GasStation_TUW,V0,attribute_score,0.928674,0.918928,-0.009746,0.009746,0.918928394266854,0.9286743226760564,-0.009745928409202409,0.009745928409202409,TRUE
GasStation_TUW,V0,association_score,0.899231,0.891353,-0.007878,0.007878,0.891352989926157,0.8992306095483065,-0.007877619622149501,0.007877619622149501,TRUE
HelpingHands,V0,class_score,0.529608,0.518824,-0.010784,0.010784,0.5188241795584528,0.5296079556468188,-0.010783776088366004,0.010783776088366004,TRUE
HelpingHands,V0,attribute_score,0.574848,0.575785,9.37e-4,9.37e-4,0.5757849172927458,0.574848079331768,9.368379609778765e-4,9.368379609778765e-4,TRUE
HelpingHands,V0,association_score,0.424048,0.385916,-0.038132,0.038132,0.3859157915117693,0.4240476670486043,-0.038131875536835,0.038131875536835,TRUE
HomeForTheElderly,V0,class_score,0.512068,0.49326,-0.018808,0.018808,0.49325955986352954,0.5120679721540352,-0.01880841229050567,0.01880841229050567,TRUE
HomeForTheElderly,V0,attribute_score,0.489484,0.482344,-0.00714,0.00714,0.4823441187140844,0.4894837078913083,-0.007139589177223904,0.007139589177223904,TRUE
HomeForTheElderly,V0,association_score,0.564765,0.518729,-0.046036,0.046036,0.5187289225455683,0.5647645887670647,-0.04603566622149635,0.04603566622149635,TRUE
HospitalHouseMD,V0,class_score,0.49328,0.540575,0.047294,0.047294,0.540574740331408,0.4932804353298602,0.04729430500154774,0.04729430500154774,TRUE
HospitalHouseMD,V0,attribute_score,0.506884,0.553257,0.046373,0.046373,0.5532569953729606,0.5068841383833169,0.04637285698964366,0.04637285698964366,TRUE
HospitalHouseMD,V0,association_score,0.461538,0.510983,0.049444,0.049444,0.5109828119011185,0.4615384615384615,0.049444350362656986,0.049444350362656986,TRUE
HotelBookingManagementSystem,V0,class_score,0.650582,0.705781,0.055199,0.055199,0.7057811269853692,0.6505818934960319,0.05519923348933731,0.05519923348933731,TRUE
HotelBookingManagementSystem,V0,attribute_score,0.644541,0.710009,0.065469,0.065469,0.7100090605025801,0.6445405313993245,0.06546852910325551,0.06546852910325551,TRUE
HotelBookingManagementSystem,V0,association_score,0.664678,0.695916,0.031238,0.031238,0.6959159487785439,0.664678405055016,0.03123754372352794,0.03123754372352794,TRUE
House,V0,class_score,0.896363,0.865007,-0.031356,0.031356,0.8650074331717362,0.8963633262428302,-0.03135589307109399,0.03135589307109399,TRUE
House,V0,attribute_score,0.894779,0.867961,-0.026818,0.026818,0.8679610542332837,0.8947794049315081,-0.026818350698224358,0.026818350698224358,TRUE
House,V0,association_score,0.900059,0.858116,-0.041943,0.041943,0.8581156506947921,0.9000591426359154,-0.041943491941123234,0.041943491941123234,TRUE
Kinepolis,V0,class_score,0.64931,0.638147,-0.011163,0.011163,0.6381469065696632,0.6493101706714197,-0.011163264101756498,0.011163264101756498,TRUE
Kinepolis,V0,attribute_score,0.602951,0.599912,-0.003039,0.003039,0.5999117822524308,0.6029508934654879,-0.0030391112130571107,0.0030391112130571107,TRUE
Kinepolis,V0,association_score,0.757482,0.727362,-0.03012,0.03012,0.7273621966432056,0.7574818174852604,-0.030119620842054884,0.030119620842054884,TRUE
LabTracker,V0,class_score,0.833373,0.82306,-0.010313,0.010313,0.8230602959565899,0.8333730124082854,-0.010312716451695514,0.010312716451695514,TRUE
LabTracker,V0,attribute_score,0.851312,0.819702,-0.03161,0.03161,0.8197020858987041,0.8513117530826586,-0.031609667183954526,0.031609667183954526,TRUE
LabTracker,V0,association_score,0.791516,0.830896,0.03938,0.03938,0.8308961194249906,0.791515950834748,0.039380168590242626,0.039380168590242626,TRUE
Louvre,V0,class_score,0.720302,0.666858,-0.053443,0.053443,0.6668583676180602,0.7203015156573449,-0.05344314803928474,0.05344314803928474,TRUE
Louvre,V0,attribute_score,0.771102,0.694515,-0.076588,0.076588,0.6945147019250822,0.7711023558797822,-0.07658765395469991,0.07658765395469991,TRUE
Louvre,V0,association_score,0.601766,0.602327,5.61e-4,5.61e-4,0.6023269209016754,0.6017662218049914,5.60699096683992e-4,5.60699096683992e-4,TRUE
Menso,V0,class_score,0.632407,0.65142,0.019013,0.019013,0.6514201345785391,0.6324071814471003,0.019012953131438803,0.019012953131438803,TRUE
Menso,V0,attribute_score,0.623608,0.627891,0.004283,0.004283,0.6278909286284919,0.6236080763502003,0.004282852278291616,0.004282852278291616,TRUE
Menso,V0,association_score,0.652938,0.706322,0.053383,0.053383,0.7063216151286494,0.6529384266732003,0.05338318845544909,0.05338318845544909,TRUE
Musicmatic,V0,class_score,0.808735,0.80601,-0.002725,0.002725,0.8060097326432016,0.8087350813141457,-0.0027253486709440944,0.0027253486709440944,TRUE
Musicmatic,V0,attribute_score,0.805766,0.805766,0,0,0.8057658204527501,0.8057658204527501,0,0,TRUE
Musicmatic,V0,association_score,0.815663,0.806579,-0.009084,0.009084,0.8065788610875885,0.8156633566574024,-0.009084495569813944,0.009084495569813944,TRUE
OnlineTutoringSystem,V0,class_score,0.734787,0.671978,-0.062809,0.062809,0.6719776290613484,0.7347871281457427,-0.06280949908439426,0.06280949908439426,TRUE
OnlineTutoringSystem,V0,attribute_score,0.787305,0.699908,-0.087397,0.087397,0.6999080641864686,0.7873046365045366,-0.08739657231806808,0.08739657231806808,TRUE
OnlineTutoringSystem,V0,association_score,0.612246,0.606807,-0.00544,0.00544,0.6068066137694016,0.6122462753085566,-0.005439661539154983,0.005439661539154983,TRUE
PizzaDeliveryWithEntertainment,V0,class_score,0.891443,0.854393,-0.037049,0.037049,0.8543932186895793,0.8914425290110134,-0.037049310321434104,0.037049310321434104,TRUE
PizzaDeliveryWithEntertainment,V0,attribute_score,0.906798,0.852921,-0.053878,0.053878,0.8529207041999114,0.9067982565001236,-0.053877552300212184,0.053877552300212184,TRUE
PizzaDeliveryWithEntertainment,V0,association_score,0.855612,0.857829,0.002217,0.002217,0.8578290858321382,0.8556124982030899,0.0022165876290483055,0.0022165876290483055,TRUE
ProjectManagement,V0,class_score,0.872797,0.929467,0.05667,0.05667,0.9294670309008908,0.8727974455131977,0.05666958538769307,0.05666958538769307,TRUE
ProjectManagement,V0,attribute_score,0.872396,0.935505,0.063109,0.063109,0.9355049749586652,0.8723960093372628,0.06310896562140245,0.06310896562140245,TRUE
ProjectManagement,V0,association_score,0.873734,0.915378,0.041644,0.041644,0.9153784947660843,0.8737341299237129,0.04164436484237144,0.04164436484237144,TRUE
School,V0,class_score,0.89407,0.896326,0.002256,0.002256,0.8963260302077629,0.8940695531147291,0.002256477093033782,0.002256477093033782,TRUE
School,V0,attribute_score,0.896627,0.896627,0,0,0.8966265000999567,0.8966265000999567,0,0,TRUE
School,V0,association_score,0.888103,0.895625,0.007522,0.007522,0.8956249337926445,0.8881033434825321,0.007521590310112458,0.007521590310112458,TRUE
SellingGoods,V0,class_score,0.664924,0.686204,0.021279,0.021279,0.6862035957600177,0.6649243697694707,0.02127922599054699,0.02127922599054699,TRUE
SellingGoods,V0,attribute_score,0.605002,0.584125,-0.020877,0.020877,0.584124931855504,0.6050021973030998,-0.020877265447595827,0.020877265447595827,TRUE
SellingGoods,V0,association_score,0.804743,0.924387,0.119644,0.119644,0.92438714487055,0.804742772191003,0.11964437267954697,0.11964437267954697,TRUE
Sightseeing,V0,class_score,0.970813,0.970813,0,0,0.9708132307692308,0.9708132307692308,0,0,TRUE
Sightseeing,V0,attribute_score,0.960777,0.960777,0,0,0.9607771428571428,0.9607771428571428,0,0,TRUE
Sightseeing,V0,association_score,0.994231,0.994231,0,0,0.9942307692307693,0.9942307692307693,0,0,TRUE
SmartHomeAutomationSystem,V0,class_score,0.808136,0.798773,-0.009363,0.009363,0.7987732377922038,0.8081362647097644,-0.009363026917560635,0.009363026917560635,TRUE
SmartHomeAutomationSystem,V0,attribute_score,0.838056,0.818631,-0.019425,0.019425,0.8186305574247319,0.8380559016480401,-0.019425344223308216,0.019425344223308216,TRUE
SmartHomeAutomationSystem,V0,association_score,0.738324,0.752439,0.014116,0.014116,0.7524394919829717,0.7383237785204545,0.014115713462517165,0.014115713462517165,TRUE
Sober,V0,class_score,0.791767,0.751381,-0.040386,0.040386,0.751381138440118,0.7917666972172773,-0.040385558777159325,0.040385558777159325,TRUE
Sober,V0,attribute_score,0.793276,0.77572700000000006,-0.017549,0.017549,0.7757271935621245,0.7932757295428509,-0.017548535980726365,0.017548535980726365,TRUE
Sober,V0,association_score,0.788246,0.694574,-0.093672,0.093672,0.6945736764887698,0.7882456217909393,-0.09367194530216949,0.09367194530216949,TRUE
StudentAppointment,V0,class_score,0.787552,0.787374,-1.78e-4,1.78e-4,0.7873743816677152,0.7875520043921105,-1.776227243952544e-4,1.776227243952544e-4,TRUE
StudentAppointment,V0,attribute_score,0.8,0.8,0,0,0.8,0.8,0,0,TRUE
StudentAppointment,V0,association_score,0.758507,0.757915,-5.92e-4,5.92e-4,0.7579146055590508,0.7585066813070352,-5.920757479844774e-4,5.920757479844774e-4,TRUE
TeamSportsScoutingSystem,V0,class_score,0.686275,0.716332,0.030057,0.030057,0.7163321094324452,0.6862747629138486,0.030057346518596595,0.030057346518596595,TRUE
TeamSportsScoutingSystem,V0,attribute_score,0.69046,0.723969,0.033509,0.033509,0.7239692624968863,0.6904600271313144,0.03350923536557193,0.03350923536557193,TRUE
TeamSportsScoutingSystem,V0,association_score,0.676509,0.698512,0.022003,0.022003,0.6985120856154159,0.6765091464064286,0.022002939208987327,0.022002939208987327,TRUE
TileOGame,V0,class_score,0.701009,0.72525,0.024241,0.024241,0.7252500874056753,0.7010088589120214,0.024241228493653955,0.024241228493653955,TRUE
TileOGame,V0,attribute_score,0.773971,0.829151,0.05518,0.05518,0.829151210273496,0.7739713167159805,0.055179893557515514,0.055179893557515514,TRUE
TileOGame,V0,association_score,0.530763,0.482814,-0.047949,0.047949,0.48281413404742696,0.530763124036117,-0.04794898998869007,0.04794898998869007,TRUE
TransportCompany,V0,class_score,0.742329,0.698441,-0.043889,0.043889,0.6984405102774883,0.7423293887508259,-0.043888878473337556,0.043888878473337556,TRUE
TransportCompany,V0,attribute_score,0.747936,0.7135,-0.034436,0.034436,0.7134999300919685,0.7479356302860649,-0.034435700194096364,0.034435700194096364,TRUE
TransportCompany,V0,association_score,0.729248,0.663302,-0.065946,0.065946,0.6633018640437013,0.729248158501935,-0.06594629445823375,0.06594629445823375,TRUE
TreatmentPlans,V0,class_score,0.893425,0.887817,-0.005608,0.005608,0.887816869192582,0.8934249787888902,-0.005608109596308197,0.005608109596308197,TRUE
TreatmentPlans,V0,attribute_score,0.902496,0.901975,-5.21e-4,5.21e-4,0.9019748451654668,0.9024957357981396,-5.208906326727991e-4,5.208906326727991e-4,TRUE
TreatmentPlans,V0,association_score,0.87226,0.854782,-0.017478,0.017478,0.8547815919225177,0.8722598791006414,-0.01747828717812372,0.01747828717812372,TRUE
TruckLogistics,V0,class_score,0.847363,0.823426,-0.023938,0.023938,0.8234255816072066,0.847363180434922,-0.0239375988277154,0.0239375988277154,TRUE
TruckLogistics,V0,attribute_score,0.866546,0.816129,-0.050418,0.050418,0.8161287953319901,0.8665464779893044,-0.05041768265731428,0.05041768265731428,TRUE
TruckLogistics,V0,association_score,0.802602,0.840451,0.037849,0.037849,0.8404514162493786,0.80260215280803,0.037849263441348535,0.037849263441348535,TRUE
University,V0,class_score,0.855519,0.807614,-0.047904,0.047904,0.8076144456465792,0.8555186415494753,-0.047904195902896074,0.047904195902896074,TRUE
University,V0,attribute_score,0.867667,0.825496,-0.042171,0.042171,0.8254960039646344,0.8676674248835019,-0.0421714209188675,0.0421714209188675,TRUE
University,V0,association_score,0.827171,0.765891,-0.061281,0.061281,0.7658908095711175,0.8271714804367469,-0.06128067086562938,0.06128067086562938,TRUE
eHome2020,V0,class_score,0.814391,0.811461,-0.002931,0.002931,0.8114606552247018,0.8143913130315448,-0.0029306578068429845,0.0029306578068429845,TRUE
eHome2020,V0,attribute_score,0.79257,0.795728,0.003157,0.003157,0.7957275172051257,0.7925700292345726,0.003157487970553041,0.003157487970553041,TRUE
eHome2020,V0,association_score,0.865308,0.848171,-0.017136,0.017136,0.848171310603713,0.8653076418911466,-0.017136331287433637,0.017136331287433637,TRUE
