case_id,metric,run2,run1,delta,abs_delta
AirTravel,class_score,0.8418148686916871,0.786472122930748,0.055342745760939116,0.055342745760939116
AirTravel,attribute_score,0.8268474781894551,0.7830644466806531,0.04378303150880203,0.04378303150880203
AirTravel,association_score,0.8767387798635619,0.7944233675143029,0.08231541234925899,0.08231541234925899
AlphaInsurance,class_score,0.5064124073871998,0.4640043998057276,0.04240800758147223,0.04240800758147223
AlphaInsurance,attribute_score,0.4993877820241528,0.4667434685916303,0.0326443134325225,0.0326443134325225
AlphaInsurance,association_score,0.5228031999009762,0.457613239305288,0.06518996059568821,0.06518996059568821
BankAccount,class_score,0.9821830412660412,0.9821830412660412,0,0
BankAccount,attribute_score,0.9942703408019828,0.9942703408019828,0,0
BankAccount,association_score,0.9539793423488436,0.9539793423488436,0,0
Boeing,class_score,0.7336745844735879,0.6291588546613519,0.104515729812236,0.104515729812236
Boeing,attribute_score,0.7396851393464269,0.6137814937018218,0.1259036456446051,0.1259036456446051
Boeing,association_score,0.7196499564369635,0.6650393635669224,0.05461059287004111,0.05461059287004111
BuildingManagement,class_score,0.5931511343072553,0.8446095960850204,-0.2514584617777651,0.2514584617777651
BuildingManagement,attribute_score,0.60704170113123,0.8762606278461609,-0.26921892671493086,0.26921892671493086
BuildingManagement,association_score,0.5607398117179809,0.7707571886423598,-0.21001737692437883,0.21001737692437883
BusTransportationManagementSystem,class_score,0.9367505973386788,0.9467605973386788,-0.010009999999999963,0.010009999999999963
BusTransportationManagementSystem,attribute_score,0.9441067592106128,0.9584067592106128,-0.01429999999999998,0.01429999999999998
BusTransportationManagementSystem,association_score,0.9195862196374994,0.9195862196374994,0,0
CardGameApp,class_score,0.8672933933649889,0.8672933933649889,0,0
CardGameApp,attribute_score,0.9108464179897154,0.9108464179897154,0,0
CardGameApp,association_score,0.7656696692406271,0.7656696692406271,0,0
CelO,class_score,0.8509150635362827,0.7976938043218309,0.053221259214451755,0.053221259214451755
CelO,attribute_score,0.8642884916034114,0.797600795610733,0.06668769599267832,0.06668769599267832
CelO,association_score,0.8197103980463156,0.7979108246477257,0.021799573398589955,0.021799573398589955
ClothingCompany,class_score,0.8682063345931491,0.8526353150249864,0.015571019568162758,0.015571019568162758
ClothingCompany,attribute_score,0.9004729455628464,0.8902689672978928,0.010203978264953562,0.010203978264953562
ClothingCompany,association_score,0.7929175756638555,0.7648234597215378,0.0280941159423177,0.0280941159423177
DestroyBlockGame,class_score,0.7953680980497768,0.8202963073693647,-0.024928209319587835,0.024928209319587835
DestroyBlockGame,attribute_score,0.8333557777205302,0.8517816094613533,-0.01842583174082313,0.01842583174082313
DestroyBlockGame,association_score,0.706730178818019,0.7468306024880582,-0.04010042367003919,0.04010042367003919
EUScienceConnect,class_score,0.8591034320880413,0.8591034320880413,0,0
EUScienceConnect,attribute_score,0.8781077883419635,0.8781077883419635,0,0
EUScienceConnect,association_score,0.8147599341622234,0.8147599341622234,0,0
Ebike,class_score,0.8007750440632508,0.8001195339585176,6.555101047331924e-4,6.555101047331924e-4
Ebike,attribute_score,0.8324842808690263,0.8324842808690263,0,0
Ebike,association_score,0.726786824849775,0.7246017911673311,0.0021850336824438266,0.0021850336824438266
Facepage,class_score,0.8635597609956985,0.8414334462158752,0.022126314779823297,0.022126314779823297
Facepage,attribute_score,0.8863199262033303,0.8584999807782213,0.027819945425109016,0.027819945425109016
Facepage,association_score,0.8104527088445579,0.8016115322370678,0.008841176607490064,0.008841176607490064
FilmSet,class_score,0.851573416179834,0.8499077427519686,0.0016656734278653884,0.0016656734278653884
FilmSet,attribute_score,0.8707537673086496,0.8707537673086496,0,0
FilmSet,association_score,0.8068192635459308,0.8012670187863795,0.005552244759551295,0.005552244759551295
FitnessCompanyConan,class_score,0.8780087672828507,0.8780087672828507,0,0
FitnessCompanyConan,attribute_score,0.8655864912997903,0.8655864912997903,0,0
FitnessCompanyConan,association_score,0.906994077909992,0.906994077909992,0,0
GameArea,class_score,0.9350016608966084,0.9521445180394654,-0.017142857142857015,0.017142857142857015
GameArea,attribute_score,0.9636571127056848,0.9636571127056848,0,0
GameArea,association_score,0.8681389400087633,0.9252817971516204,-0.05714285714285705,0.05714285714285705
GasStation_KUL,class_score,0.458634636474073,0.4183485459609704,0.04028609051310261,0.04028609051310261
GasStation_KUL,attribute_score,0.42548647739151263,0.4006399367556495,0.024846540635863112,0.024846540635863112
GasStation_KUL,association_score,0.5359803410000473,0.4596686341067191,0.07631170689332822,0.07631170689332822
GasStation_TUW,class_score,0.9106557729646448,0.9198412087377316,-0.009185435773086725,0.009185435773086725
GasStation_TUW,attribute_score,0.918928394266854,0.9286743226760564,-0.009745928409202409,0.009745928409202409
GasStation_TUW,association_score,0.891352989926157,0.8992306095483065,-0.007877619622149501,0.007877619622149501
HelpingHands,class_score,0.5188241795584528,0.5296079556468188,-0.010783776088366004,0.010783776088366004
HelpingHands,attribute_score,0.5757849172927458,0.574848079331768,9.368379609778765e-4,9.368379609778765e-4
HelpingHands,association_score,0.3859157915117693,0.4240476670486043,-0.038131875536835,0.038131875536835
HomeForTheElderly,class_score,0.49325955986352954,0.5120679721540352,-0.01880841229050567,0.01880841229050567
HomeForTheElderly,attribute_score,0.4823441187140844,0.4894837078913083,-0.007139589177223904,0.007139589177223904
HomeForTheElderly,association_score,0.5187289225455683,0.5647645887670647,-0.04603566622149635,0.04603566622149635
HospitalHouseMD,class_score,0.540574740331408,0.4932804353298602,0.04729430500154774,0.04729430500154774
HospitalHouseMD,attribute_score,0.5532569953729606,0.5068841383833169,0.04637285698964366,0.04637285698964366
HospitalHouseMD,association_score,0.5109828119011185,0.4615384615384615,0.049444350362656986,0.049444350362656986
HotelBookingManagementSystem,class_score,0.7057811269853692,0.6505818934960319,0.05519923348933731,0.05519923348933731
HotelBookingManagementSystem,attribute_score,0.7100090605025801,0.6445405313993245,0.06546852910325551,0.06546852910325551
HotelBookingManagementSystem,association_score,0.6959159487785439,0.664678405055016,0.03123754372352794,0.03123754372352794
House,class_score,0.8650074331717362,0.8963633262428302,-0.03135589307109399,0.03135589307109399
House,attribute_score,0.8679610542332837,0.8947794049315081,-0.026818350698224358,0.026818350698224358
House,association_score,0.8581156506947921,0.9000591426359154,-0.041943491941123234,0.041943491941123234
Kinepolis,class_score,0.6381469065696632,0.6493101706714197,-0.011163264101756498,0.011163264101756498
Kinepolis,attribute_score,0.5999117822524308,0.6029508934654879,-0.0030391112130571107,0.0030391112130571107
Kinepolis,association_score,0.7273621966432056,0.7574818174852604,-0.030119620842054884,0.030119620842054884
LabTracker,class_score,0.8230602959565899,0.8333730124082854,-0.010312716451695514,0.010312716451695514
LabTracker,attribute_score,0.8197020858987041,0.8513117530826586,-0.031609667183954526,0.031609667183954526
LabTracker,association_score,0.8308961194249906,0.791515950834748,0.039380168590242626,0.039380168590242626
Louvre,class_score,0.6668583676180602,0.7203015156573449,-0.05344314803928474,0.05344314803928474
Louvre,attribute_score,0.6945147019250822,0.7711023558797822,-0.07658765395469991,0.07658765395469991
Louvre,association_score,0.6023269209016754,0.6017662218049914,5.60699096683992e-4,5.60699096683992e-4
Menso,class_score,0.6514201345785391,0.6324071814471003,0.019012953131438803,0.019012953131438803
Menso,attribute_score,0.6278909286284919,0.6236080763502003,0.004282852278291616,0.004282852278291616
Menso,association_score,0.7063216151286494,0.6529384266732003,0.05338318845544909,0.05338318845544909
Musicmatic,class_score,0.8060097326432016,0.8087350813141457,-0.0027253486709440944,0.0027253486709440944
Musicmatic,attribute_score,0.8057658204527501,0.8057658204527501,0,0
Musicmatic,association_score,0.8065788610875885,0.8156633566574024,-0.009084495569813944,0.009084495569813944
OnlineTutoringSystem,class_score,0.6719776290613484,0.7347871281457427,-0.06280949908439426,0.06280949908439426
OnlineTutoringSystem,attribute_score,0.6999080641864686,0.7873046365045366,-0.08739657231806808,0.08739657231806808
OnlineTutoringSystem,association_score,0.6068066137694016,0.6122462753085566,-0.005439661539154983,0.005439661539154983
PizzaDeliveryWithEntertainment,class_score,0.8543932186895793,0.8914425290110134,-0.037049310321434104,0.037049310321434104
PizzaDeliveryWithEntertainment,attribute_score,0.8529207041999114,0.9067982565001236,-0.053877552300212184,0.053877552300212184
PizzaDeliveryWithEntertainment,association_score,0.8578290858321382,0.8556124982030899,0.0022165876290483055,0.0022165876290483055
ProjectManagement,class_score,0.9294670309008908,0.8727974455131977,0.05666958538769307,0.05666958538769307
ProjectManagement,attribute_score,0.9355049749586652,0.8723960093372628,0.06310896562140245,0.06310896562140245
ProjectManagement,association_score,0.9153784947660843,0.8737341299237129,0.04164436484237144,0.04164436484237144
School,class_score,0.8963260302077629,0.8940695531147291,0.002256477093033782,0.002256477093033782
School,attribute_score,0.8966265000999567,0.8966265000999567,0,0
School,association_score,0.8956249337926445,0.8881033434825321,0.007521590310112458,0.007521590310112458
SellingGoods,class_score,0.6862035957600177,0.6649243697694707,0.02127922599054699,0.02127922599054699
SellingGoods,attribute_score,0.584124931855504,0.6050021973030998,-0.020877265447595827,0.020877265447595827
SellingGoods,association_score,0.92438714487055,0.804742772191003,0.11964437267954697,0.11964437267954697
Sightseeing,class_score,0.9708132307692308,0.9708132307692308,0,0
Sightseeing,attribute_score,0.9607771428571428,0.9607771428571428,0,0
Sightseeing,association_score,0.9942307692307693,0.9942307692307693,0,0
SmartHomeAutomationSystem,class_score,0.7987732377922038,0.8081362647097644,-0.009363026917560635,0.009363026917560635
SmartHomeAutomationSystem,attribute_score,0.8186305574247319,0.8380559016480401,-0.019425344223308216,0.019425344223308216
SmartHomeAutomationSystem,association_score,0.7524394919829717,0.7383237785204545,0.014115713462517165,0.014115713462517165
Sober,class_score,0.751381138440118,0.7917666972172773,-0.040385558777159325,0.040385558777159325
Sober,attribute_score,0.7757271935621245,0.7932757295428509,-0.017548535980726365,0.017548535980726365
Sober,association_score,0.6945736764887698,0.7882456217909393,-0.09367194530216949,0.09367194530216949
StudentAppointment,class_score,0.7873743816677152,0.7875520043921105,-1.776227243952544e-4,1.776227243952544e-4
StudentAppointment,attribute_score,0.8,0.8,0,0
StudentAppointment,association_score,0.7579146055590508,0.7585066813070352,-5.920757479844774e-4,5.920757479844774e-4
TeamSportsScoutingSystem,class_score,0.7163321094324452,0.6862747629138486,0.030057346518596595,0.030057346518596595
TeamSportsScoutingSystem,attribute_score,0.7239692624968863,0.6904600271313144,0.03350923536557193,0.03350923536557193
TeamSportsScoutingSystem,association_score,0.6985120856154159,0.6765091464064286,0.022002939208987327,0.022002939208987327
TileOGame,class_score,0.7252500874056753,0.7010088589120214,0.024241228493653955,0.024241228493653955
TileOGame,attribute_score,0.829151210273496,0.7739713167159805,0.055179893557515514,0.055179893557515514
TileOGame,association_score,0.48281413404742696,0.530763124036117,-0.04794898998869007,0.04794898998869007
TransportCompany,class_score,0.6984405102774883,0.7423293887508259,-0.043888878473337556,0.043888878473337556
TransportCompany,attribute_score,0.7134999300919685,0.7479356302860649,-0.034435700194096364,0.034435700194096364
TransportCompany,association_score,0.6633018640437013,0.729248158501935,-0.06594629445823375,0.06594629445823375
TreatmentPlans,class_score,0.887816869192582,0.8934249787888902,-0.005608109596308197,0.005608109596308197
TreatmentPlans,attribute_score,0.9019748451654668,0.9024957357981396,-5.208906326727991e-4,5.208906326727991e-4
TreatmentPlans,association_score,0.8547815919225177,0.8722598791006414,-0.01747828717812372,0.01747828717812372
TruckLogistics,class_score,0.8234255816072066,0.847363180434922,-0.0239375988277154,0.0239375988277154
TruckLogistics,attribute_score,0.8161287953319901,0.8665464779893044,-0.05041768265731428,0.05041768265731428
TruckLogistics,association_score,0.8404514162493786,0.80260215280803,0.037849263441348535,0.037849263441348535
University,class_score,0.8076144456465792,0.8555186415494753,-0.047904195902896074,0.047904195902896074
University,attribute_score,0.8254960039646344,0.8676674248835019,-0.0421714209188675,0.0421714209188675
University,association_score,0.7658908095711175,0.8271714804367469,-0.06128067086562938,0.06128067086562938
eHome2020,class_score,0.8114606552247018,0.8143913130315448,-0.0029306578068429845,0.0029306578068429845
eHome2020,attribute_score,0.7957275172051257,0.7925700292345726,0.003157487970553041,0.003157487970553041
eHome2020,association_score,0.848171310603713,0.8653076418911466,-0.017136331287433637,0.017136331287433637
